operation-id	line	location	from-bytes	from-sha256	from-base64	to-bytes	to-sha256	to-base64
C-01	3	Subtitle	65	5b1b8991f68c1ca07f1077d9444d3483a45d2150b9cacb8e5c4daf3f0832ee0a	IyMgUHJvcG9zZWQgY29ycHVzIGNoYXJ0ZXIsIG1hbmlmZXN0LCBhbmQgVzAtMTcgcmVmcmVzaCBjYW5kaWRhdGU=	67	967c85167e5dcc3bf12189a60eaf50af8d1c18bad2a70374f14fe755e48c76b5	IyMgTm9ybWF0aXZlIGNvcnB1cyBjaGFydGVyLCBtYW5pZmVzdCwgYW5kIGFjdGl2ZSBXYXZlIDEgY29tbWlzc2lvbg==
C-02	11	Status	20	0543142da3259361734dfd144eff6e5118eacbcbe195a05fc9dc309cae187697	KipTdGF0dXM6KiogUHJvcG9zZWQ=	21	5a307778c55b4d096a0d43f3cca13ff572eb06685fd3a5395c75bf8f2280d83c	KipTdGF0dXM6KiogTm9ybWF0aXZl
C-03	13	Settledness	70	f0869a07cd5197bd787e2ecb0c7e4617798b5f3852cff2c7a2d20d3b29aa9dab	KipTZXR0bGVkbmVzczoqKiBIWVBPVEhFU0lTIGNhbmRpZGF0ZTsgYXJ0aWZhY3Qgc3RhbmRpbmcgbm90IGNvbmZlcnJlZA==	27	51b7185d82ea850cb365e7fe5396f9d5ebf8a66a9ab92f19474e1090de556f8d	KipTZXR0bGVkbmVzczoqKiBIWVBPVEhFU0lT
C-04	15	Classification	91	155d3e4e864325481e135c8eccebceb5f0db79e8fff9d466c0963938f5b3bd01	KipDbGFzc2lmaWNhdGlvbjoqKiBQcm9ncmFtIHdvcmtpbmctcmVmZXJlbmNlIGNhbmRpZGF0ZSB1bmRlciB0aGUgU3RhZ2UgQSBwcmVwYXJhdGlvbiBncmFudA==	45	db8d5bbe8864202971a5e6d3082be21b7881edefd57842c5bd6e3ae3ef82be3a	KipDbGFzc2lmaWNhdGlvbjoqKiBQcm9ncmFtIHdvcmtpbmcgcmVmZXJlbmNl
C-05	17	Governing status	160	8a1c01f3aebacd6ea30aac8e6759ceb0a9c07d9c28079f51a78d4accb5a3e105	KipHb3Zlcm5pbmcgc3RhdHVzOioqIGBSRUctRC0wMTdgIGVzdGFibGlzaGVzIHRoZSBDU0FBIHByb2dyYW0gYW5kIHBlcm1hbmVudCBpZGVudGlmaWVyIHJlc2VydmF0aW9uczsgdGhpcyBQcm9wb3NlZCBzdWNjZXNzb3IgaXMgbm90IGFkb3B0ZWQgYW5kIGRvZXMgbm90IGdvdmVybg==	202	ce5bb34f42df0c96835ed094dfb7b924ffa757444665c982f84a6b5af9130d2d	KipHb3Zlcm5pbmcgc3RhdHVzOioqIGBSRUctRC0wMTdgIGVzdGFibGlzaGVzIHRoZSBDU0FBIHByb2dyYW0gYW5kIHBlcm1hbmVudCBpZGVudGlmaWVyIHJlc2VydmF0aW9uczsgYEpQV0ItUkVHLTAwNSBSRUctRC0wMThgIGFkb3B0cyBgSkFOLUNTQUEtMDAwQDAuMy4wYCBhcyBhIEhZUE9USEVTSVMtZ3JhZGUgcHJvZ3JhbSB3b3JraW5nIHJlZmVyZW5jZQ==
C-06	19	Role	147	112d994a6b64b6918a3d7433436b0e204929262ae58aa0f16b4fdea4b6f7852a	KipSb2xlOioqIFByb3Bvc2VkIGNvcnB1cyBlbnRyeSBwb2ludCwgc2NvcGUgYW5kIGF1dGhvcml0eS1ib3VuZGFyeSBjaGFydGVyLCBjb250cm9sbGVkIG1hbmlmZXN0LCBhbmQgc3RhZ2VkIGF1dGhvcmluZy1jb21taXNzaW9uIHJlZnJlc2ggY2FuZGlkYXRl	138	55f3ab40b747a7b08a45b7c444bee0d9e7f40d0ff299c579e185190f37a7e1c1	KipSb2xlOioqIE5vcm1hdGl2ZSBjb3JwdXMgZW50cnkgcG9pbnQsIHNjb3BlIGFuZCBhdXRob3JpdHktYm91bmRhcnkgY2hhcnRlciwgY29udHJvbGxlZCBtYW5pZmVzdCwgYW5kIHN0YWdlZCBhdXRob3JpbmctY29tbWlzc2lvbiBjb250cm9s
C-07	21	Authority	127	d39039d228d2d033e6ecd10d189cb48abd0653f4fcde18064cdee9a4a150113b	KipBdXRob3JpdHk6KiogTm9uZSBhcyBhIENTQUEgbWVtYmVyLiBgUkVHLUQtMDE3YCBhdXRob3JpemVzIHByZXBhcmF0aW9uLCBsZWRnZXIvcmV2aWV3IHdvcmssIGFuZCBhIFcwLTE3IGFkb3B0aW9uIHBhY2thZ2Ugb25seQ==	153	ff943882fc85f6ab2c3f903596606c4db16e6e8f455f2a3b641d9acaf9a9c8d4	KipBdXRob3JpdHk6KiogYEpQV0ItUkVHLTAwNSBSRUctRC0wMThgIHdpdGhpbiB0aGUgc3RhdGVkIGBHb3Zlcm5zYCBib3VuZGFyeTsgc3Vib3JkaW5hdGUgdG8gY2Fub24gYW5kIHJlY29nbml6ZWQgZW5mb3JjZWQgcmVmZXJlbmNlIGFydGlmYWN0cyBieSBjb25jZXJu
C-08	23	Stage A grant	128	16e9ee0d74f2dc82658b9ff2ab7934d0c74cf518fd9d1b8e6f72205f6bbd96ca	KipTdGFnZSBBIGdyYW50OioqIGBKUFdCLVJFRy0wMDUgUkVHLUQtMDE3YCDigJQgRUZGRUNUSVZFOyBzdWNjZXNzb3IgbGVkZ2VyIGFuZCBzZWxmLXJldmlldyBhcmUgY2xvc2VkOyBhZG9wdGlvbiByZW1haW5zIHBlbmRpbmc=	90	230c2088bbb52d5c6889310a0aaeb51bf0113987f1f187be2bdf2a54bc53a3f0	KipTdGFnZSBBIGdyYW50OioqIGBKUFdCLVJFRy0wMDUgUkVHLUQtMDE3YCDigJQgRUZGRUNUSVZFOyBTdGFnZSBBIHByZXBhcmF0aW9uIGlzIGNvbXBsZXRl
C-09	25	Stage B gate	307	db89c5477f2e18668c3a6537591fd537ec0f18a91ecb6c43a91c2883c6588864	KipTdGFnZSBCIGdhdGU6KiogVGhlIGAwLjIuMWAgcGFja2FnZSB3YXMgcHJlc2VudGVkIGFuZCByZWNlaXZlZCBhbiBpdGVtaXplZCBzcG9uc29yIHJlc3BvbnNlLCBidXQgbWFuZGF0b3J5IHByZS1yZWNvcmRpbmcgZnJlc2huZXNzIGNoZWNrcyBibG9ja2VkIGNvbmZlcnJhbDsgdGhpcyBgMC4zLjBgIHN1Y2Nlc3NvciByZXF1aXJlcyBpdHMgb3duIGV4YWN0LXZlcnNpb24vZGlnZXN0IHNwb25zb3IgY29uZmVycmFsLCBhbmQgcHJlc2VudGF0aW9uIGFsb25lIGNvbmZlcnMgbm8gYXV0aG9yaXR5IG9yIGNvbW1pc3Npb24gYWN0aXZhdGlvbg==	162	bdc3595200175178ab76bda63b731810414bb7a03252428b141dcf96590ece74	KipTdGFnZSBCIGdhdGU6KiogU2F0aXNmaWVkIGJ5IGBKUFdCLVJFRy0wMDUgUkVHLUQtMDE4YDsgdGhlIGRvY3VtZW50YXRpb24tb25seSBXYXZlIDEgY29tbWlzc2lvbiBmb3IgYEpBTi1DU0FBLTAwMWAsIGBKQU4tQ1NBQS0wMDJgLCBhbmQgYEpBTi1DU0FBLTAwNWAgaXMgYWN0aXZl
C-10	29	Applicability	195	0e3548a7cd358559911962c50b893deb5d0fb76b75f3ee8b4506292f56ab75e8	KipBcHBsaWNhYmlsaXR5OioqIFRoaXMgY2hhcnRlciBjYW5kaWRhdGUgYW5kLCBvbmx5IGFmdGVyIHRoZWlyIG93biBjb21taXNzaW9ucyBhbmQgYWRvcHRpb25zLCB0aGUgY29udHJvbGxlZCBgSkFOLUNTQUEtMDAxYCB0aHJvdWdoIGBKQU4tQ1NBQS0wMTFgIG1lbWJlcnMgYW5kIHRoZWlyIGFsbG9jYXRlZCByZWZlcmVuY2UgYXJ0aWZhY3Rz	195	4d9d1681cb29ad1d143054ff5438cc785815267259138f3b1fbc39696a7abedc	KipBcHBsaWNhYmlsaXR5OioqIFRoaXMgTm9ybWF0aXZlIGNoYXJ0ZXIgYW5kLCBvbmx5IGFmdGVyIHRoZWlyIG93biBjb21taXNzaW9ucyBhbmQgYWRvcHRpb25zLCB0aGUgY29udHJvbGxlZCBgSkFOLUNTQUEtMDAxYCB0aHJvdWdoIGBKQU4tQ1NBQS0wMTFgIG1lbWJlcnMgYW5kIHRoZWlyIGFsbG9jYXRlZCByZWZlcmVuY2UgYXJ0aWZhY3Rz
C-11	31	Governs	246	d702692f00aa126f3ba5d9e057fd52b31b4c70edcff3a7943afe61616a0f5038	KipHb3Zlcm5zOioqIElmIGFuZCBvbmx5IGlmIFcwLTE3IGxhdGVyIGFkb3B0cyB0aGUgZXhhY3QgdmVyc2lvbiBhbmQgZGlnZXN0LCB0aGUgQ1NBQSBwcm9ncmFtIGJvdW5kYXJ5LCBzb3VyY2Utb2YtdHJ1dGggbW9kZWwsIHNlbWFudGljIGJhc2VsaW5lcywgbWFuaWZlc3QsIGRvY3VtZW50IHJlc3BvbnNpYmlsaXRpZXMsIHN0YWdlZCBjb21taXNzaW9ucywgYW5kIGNsb3N1cmUgcnVsZXMgd2l0aGluIHRoZSBncmFudGVkIHNjb3Bl	214	0b5bd97251d74c2d42e68088e3896cea67c4df3272cd406bf2b49a5b1d78dd3f	KipHb3Zlcm5zOioqIFVuZGVyIGBKUFdCLVJFRy0wMDUgUkVHLUQtMDE4YCwgdGhlIENTQUEgcHJvZ3JhbSBib3VuZGFyeSwgc291cmNlLW9mLXRydXRoIG1vZGVsLCBzZW1hbnRpYyBiYXNlbGluZXMsIG1hbmlmZXN0LCBkb2N1bWVudCByZXNwb25zaWJpbGl0aWVzLCBzdGFnZWQgY29tbWlzc2lvbnMsIGFuZCBjbG9zdXJlIHJ1bGVzIHdpdGhpbiB0aGUgZ3JhbnRlZCBzY29wZQ==
C-12	110	Section 2 gate lead	116	c339fa7bdad1cd0f572e4185170c75b838b3b134d6456423fb34bdd7083b30d3	VGhlIHJlbWFpbmluZyByZWNvcmRhYmxlIHNwb25zb3IgZGVjaXNpb24gaXMgVzAtMTcuIFByZXNlbnRhdGlvbiByZWFkaW5lc3MgYW5kIHNwb25zb3IgY29uZmVycmFsIGFyZSBzZXBhcmF0ZSBnYXRlcy4=	152	a3e15eba7fa43b0d0f6bed938ca69f431a730fe190d1484276c41aeb813ddbba	YEpQV0ItUkVHLTAwNSBSRUctRC0wMThgIHJlY29yZHMgdGhlIFcwLTE3IHNwb25zb3IgY29uZmVycmFsIGZvciB0aGlzIGV4YWN0IHZlcnNpb247IHByZXNlbnRhdGlvbiBhbG9uZSBjb25mZXJyZWQgbm8gYXV0aG9yaXR5IGJlZm9yZSB0aGF0IHJlY29yZGVkIGFjdC4=
C-13	135	Section 3.1 member state	124	8daf0efaa2de6d4f7422ea183912b76b0f55cc5e665abf5b8f3d712550322b86	LSBgSkFOLUNTQUEtMDAwQDAuMy4wYCByZXRhaW5zIG9ubHkgaXRzIHJlY29yZGVkIHByZS1hZG9wdGlvbiBsaWZlY3ljbGUgc3RhdHVzIGFuZCByZW1haW5zIGFuIHVuYWRvcHRlZCBzdWNjZXNzb3IgY2FuZGlkYXRlOw==	107	25452aa6794a3e4568f90eab999da734cba0391aa0fa35db59e9fa9a053b56b8	LSBgSkFOLUNTQUEtMDAwQDAuMy4wYCBob2xkcyBOb3JtYXRpdmUgSFlQT1RIRVNJUy1ncmFkZSBwcm9ncmFtIHdvcmtpbmctcmVmZXJlbmNlIHN0YXR1cyB1bmRlciBgUkVHLUQtMDE4YDs=
C-14	138	Section 3.1 Wave 1	58	109a16d42d962ee12c3754e1ada12d8ab75d125b1d35e216d1dcd1def50082ce	LSBXMC0wOCBpcyBhcHByb3ZlZCBpbiBwcmluY2lwbGUgYnV0IGluYWN0aXZlIHVudGlsIFcwLTE3Ow==	132	5038e54b0a1b78d4affde3b672ab395f9171eb0c4b568d6749e9f1ee74a08384	LSB0aGUgVzAtMDggZG9jdW1lbnRhdGlvbi1vbmx5IFdhdmUgMSBjb21taXNzaW9uIGZvciBgSkFOLUNTQUEtMDAxYCwgYEpBTi1DU0FBLTAwMmAsIGFuZCBgSkFOLUNTQUEtMDA1YCBpcyBhY3RpdmUgdW5kZXIgYFJFRy1ELTAxOGA7
C-15	492	Section 8 heading	33	97d96987118ce960f122bd8298eabda6f51c456e88af1f7d83aad58d1b958dd4	IyMgOC4gUHJvcG9zZWQgY29ycHVzIHByb2dyZXNzaW9u	24	bd71f7b6d7d7b89396e8382003d45e999e06d6eb87e9ccddcdcd12a427d51444	IyMgOC4gQ29ycHVzIHByb2dyZXNzaW9u
C-16	562	Manifest JAN-CSAA-000	252	823d070ff0562585969278ee1d61968166341b97a83ab1b1ccb654e9f8967684	fCBgSkFOLUNTQUEtMDAwYCB8IGBSRUFETUUubWRgIHwgYDAuMy4wYCAvIFByb3Bvc2VkIC8gYXV0aG9yZWQgfCBTdGFnZSBBIGNhcnJpYWdlIGFuZCByZWZyZXNoIHByZXBhcmF0aW9uIGF1dGhvcml6ZWQ7IHN1Y2Nlc3NvciBhZG9wdGlvbiBwZW5kaW5nIHwgTm9uZSBhcyBhIG1lbWJlcjsgVzAtMTcgYWRvcHRpb24gcGVuZGluZyB8IE1hbmlmZXN0LCBwcmVjZWRlbmNlLCB2b2NhYnVsYXJ5LCBzY29wZSwgY2xvc3VyZSwgY29tbWlzc2lvbiB8	239	a726f999b4fc3df88073a5a819db3dbaa37dd70e803a3411035bc3e6a530e4e9	fCBgSkFOLUNTQUEtMDAwYCB8IGBSRUFETUUubWRgIHwgYDAuMy4wYCAvIE5vcm1hdGl2ZSAvIGF1dGhvcmVkIHwgU3RhZ2UgQiBjb21wbGV0ZTsgZG9jdW1lbnRhdGlvbi1vbmx5IFdhdmUgMSBjb21taXNzaW9uIGFjdGl2ZSB8IGBKUFdCLVJFRy0wMDUgUkVHLUQtMDE4YCB3aXRoaW4gc3RhdGVkIHNjb3BlIHwgTWFuaWZlc3QsIHByZWNlZGVuY2UsIHZvY2FidWxhcnksIHNjb3BlLCBjbG9zdXJlLCBjb21taXNzaW9uIHw=
C-17	563	Manifest JAN-CSAA-001	302	100cf44a58ed5cb665680594981afc6f5c124e544f9addf21465eb388be622f0	fCBgSkFOLUNTQUEtMDAxYCB8IGBKQU4tQ1NBQS0wMDEgLSBDb2RlYmFzZSBTZW1hbnRpYyBBbmFseXNpcyBhbmQgQXNzdXJhbmNlIEFyY2hpdGVjdHVyZS5tZGAgfCBVbmF1ZGl0ZWQgYW5kIHVuYXV0aG9yZWQ7IHRhcmdldCBzdGFydHMgYXQgYDAuMS4wYCAvIERyYWZ0IHwgV2F2ZSAxIGFwcHJvdmVkIGluIHByaW5jaXBsZSBieSBXMC0wODsgaW5hY3RpdmUgdW50aWwgVzAtMTcgfCBOb25lIHwgQ29udGV4dCwgcmVzcG9uc2liaWxpdGllcywgdHJ1c3QgYm91bmRhcmllcywgZmxvd3MsIGZhaWx1cmUgYW5kIGRlZ3JhZGF0aW9uIHw=	348	794bdb61cdbe65603ea6e947f4ddce30789df0b617c141550bb71ad8e7e0854f	fCBgSkFOLUNTQUEtMDAxYCB8IGBKQU4tQ1NBQS0wMDEgLSBDb2RlYmFzZSBTZW1hbnRpYyBBbmFseXNpcyBhbmQgQXNzdXJhbmNlIEFyY2hpdGVjdHVyZS5tZGAgfCBVbmF1ZGl0ZWQgYW5kIHVuYXV0aG9yZWQ7IHRhcmdldCBzdGFydHMgYXQgYDAuMS4wYCAvIERyYWZ0IHwgRG9jdW1lbnRhdGlvbi1vbmx5IFdhdmUgMSBEcmFmdC1hdXRob3JpbmcgY29tbWlzc2lvbiBhY3RpdmUgdW5kZXIgYFJFRy1ELTAxOGAgfCBOb25lOyBjb21taXNzaW9uIGlzIG5vdCBhZG9wdGlvbiB8IENvbnRleHQsIHJlc3BvbnNpYmlsaXRpZXMsIHRydXN0IGJvdW5kYXJpZXMsIGZsb3dzLCBmYWlsdXJlIGFuZCBkZWdyYWRhdGlvbiB8
C-18	564	Manifest JAN-CSAA-002	297	7f96ca86e33b7917433c18b4a6a1ec0e8987585f27aaf3ff9ea4f68127010e8f	fCBgSkFOLUNTQUEtMDAyYCB8IGBKQU4tQ1NBQS0wMDIgLSBUeXBlU2NyaXB0IFNlbWFudGljIE1vZGVsIGFuZCBJbnZhcmlhbnQgQ2F0YWxvZy5tZGAgfCBVbmF1ZGl0ZWQgYW5kIHVuYXV0aG9yZWQ7IHRhcmdldCBzdGFydHMgYXQgYDAuMS4wYCAvIERyYWZ0IHwgV2F2ZSAxIGFwcHJvdmVkIGluIHByaW5jaXBsZSBieSBXMC0wODsgaW5hY3RpdmUgdW50aWwgVzAtMTcgfCBOb25lIHwgSWRlbnRpdHksIHJldmlzaW9ucywgQVNULCBzeW1ib2xzLCB0eXBlcywgZ3JhcGhzLCBjb3ZlcmFnZSwgdHJhY2VzLCBldmlkZW5jZSB8	343	4c0d9a4da7b6aa8e79455d68ce9412a73e6cfe182618bbf3bd3e2da14f10011b	fCBgSkFOLUNTQUEtMDAyYCB8IGBKQU4tQ1NBQS0wMDIgLSBUeXBlU2NyaXB0IFNlbWFudGljIE1vZGVsIGFuZCBJbnZhcmlhbnQgQ2F0YWxvZy5tZGAgfCBVbmF1ZGl0ZWQgYW5kIHVuYXV0aG9yZWQ7IHRhcmdldCBzdGFydHMgYXQgYDAuMS4wYCAvIERyYWZ0IHwgRG9jdW1lbnRhdGlvbi1vbmx5IFdhdmUgMSBEcmFmdC1hdXRob3JpbmcgY29tbWlzc2lvbiBhY3RpdmUgdW5kZXIgYFJFRy1ELTAxOGAgfCBOb25lOyBjb21taXNzaW9uIGlzIG5vdCBhZG9wdGlvbiB8IElkZW50aXR5LCByZXZpc2lvbnMsIEFTVCwgc3ltYm9scywgdHlwZXMsIGdyYXBocywgY292ZXJhZ2UsIHRyYWNlcywgZXZpZGVuY2UgfA==
C-19	567	Manifest JAN-CSAA-005	318	068535c940d4d053973801fe79a39a0e4585a2638d6c87bc44d08ebb3bec8954	fCBgSkFOLUNTQUEtMDA1YCB8IGBKQU4tQ1NBQS0wMDUgLSBKUFdCIFR5cGVTY3JpcHQgUmVwb3NpdG9yeSBTZW1hbnRpYyBJbnZlbnRvcnkgYW5kIENvbmZvcm1hbmNlIE1hcHBpbmcubWRgIHwgVW5hdWRpdGVkIGFuZCB1bmF1dGhvcmVkOyB0YXJnZXQgc3RhcnRzIGF0IGAwLjEuMGAgLyBEcmFmdCB8IFdhdmUgMSBhcHByb3ZlZCBpbiBwcmluY2lwbGUgYnkgVzAtMDg7IGluYWN0aXZlIHVudGlsIFcwLTE3IHwgTm9uZSB8IFBhY2thZ2VzLCBjb25maWdzLCBhcmNoaXRlY3R1cmUgY29uc3RyYWludHMsIHRvb2xzLCB0ZXN0cywgdHJhY2VzLCB1bmtub3ducyB8	364	758d233c9d82ac2761d6bd47fb4f41ee271730463cf1c999823f56aa07a3dc07	fCBgSkFOLUNTQUEtMDA1YCB8IGBKQU4tQ1NBQS0wMDUgLSBKUFdCIFR5cGVTY3JpcHQgUmVwb3NpdG9yeSBTZW1hbnRpYyBJbnZlbnRvcnkgYW5kIENvbmZvcm1hbmNlIE1hcHBpbmcubWRgIHwgVW5hdWRpdGVkIGFuZCB1bmF1dGhvcmVkOyB0YXJnZXQgc3RhcnRzIGF0IGAwLjEuMGAgLyBEcmFmdCB8IERvY3VtZW50YXRpb24tb25seSBXYXZlIDEgRHJhZnQtYXV0aG9yaW5nIGNvbW1pc3Npb24gYWN0aXZlIHVuZGVyIGBSRUctRC0wMThgIHwgTm9uZTsgY29tbWlzc2lvbiBpcyBub3QgYWRvcHRpb24gfCBQYWNrYWdlcywgY29uZmlncywgYXJjaGl0ZWN0dXJlIGNvbnN0cmFpbnRzLCB0b29scywgdGVzdHMsIHRyYWNlcywgdW5rbm93bnMgfA==
C-20	646	Section 10 commission state	137	b5b88cac081051ce88c354e7df139ef9e8d003871cd6e97d8336652fdcdba739	LSBXMC0wOCBhcHByb3ZlcyBgSkFOLUNTQUEtMDAxYCwgYEpBTi1DU0FBLTAwMmAsIGFuZCBgSkFOLUNTQUEtMDA1YCBpbiBwcmluY2lwbGUgZm9yIFdhdmUgMSwgYnV0IHRoYXQgY29tbWlzc2lvbiBpcyBpbmFjdGl2ZSB1bnRpbCBXMC0xNy4=	177	cbf5d9d025965d7e346af55cf8c8fe0bdd781225d5212b2d005fb0b76ee8aa86	LSBgSlBXQi1SRUctMDA1IFJFRy1ELTAxOGAgYWN0aXZhdGVzIFcwLTA4J3MgZG9jdW1lbnRhdGlvbi1vbmx5IFdhdmUgMSBjb21taXNzaW9uIGZvciBgSkFOLUNTQUEtMDAxYCwgYEpBTi1DU0FBLTAwMmAsIGFuZCBgSkFOLUNTQUEtMDA1YDsgaXQgY29uZmVycyBubyBtZW1iZXIgYXV0aG9yaXR5IG9uIHRoZW0u
C-21	1296	Section 15 Stage B heading	40	7b96fef2779b7d6494cef5fda9f9bad9ce8b16c1947c4cb645855afbce449b89	KipTdGFnZSBCIOKAlCBwZW5kaW5nIHJlZnJlc2hlZCBXMC0xNzoqKg==	54	7aeecc946fe2b708c5c06495ae067ba918d1a08600cd65cb0e95232582f239b9	KipTdGFnZSBCIOKAlCBzYXRpc2ZpZWQgYnkgYEpQV0ItUkVHLTAwNSBSRUctRC0wMThgOioq
C-22	1307	Section 15 Stage B state	298	41ba1e98fa7c801db43ba5fbc1a6140464f38d0bbbc674f01ff8c9137286a1bf	U3RhZ2UgQSBpcyBlZmZlY3RpdmUuIFRoZSBgMC4yLjFgIHBhY2thZ2Ugd2FzIHByZXNlbnRlZCwgYnV0IGl0cyByZXNwb25zZSBjb3VsZCBub3QgYmUgcmVjb3JkZWQgYWZ0ZXIgYSBjb25jbHVzaW9uLWFmZmVjdGluZyBmcmVzaG5lc3MgY2hlY2s7IHRoaXMgYDAuMy4wYCBzdWNjZXNzb3IgcmVxdWlyZXMgaXRzIG93biBleGFjdC1ieXRlIHByZXNlbnRhdGlvbiBhbmQgcmVjb3JkZWQgc3BvbnNvciBjb25mZXJyYWwuIFN0YWdlIEIgcmVtYWlucyBpbmNvbXBsZXRlIHVudGlsIHRoYXQgY29uZmVycmFsIGlzIHJlY29yZGVkLg==	182	b390dd8e63139b52d00f1adc20ce98608ccaa2b58ed93208be038cb7a0dbcad0	U3RhZ2UgQSBpcyBlZmZlY3RpdmUuIGBSRUctRC0wMThgIHJlY29yZHMgdGhlIGV4YWN0IFcwLTE3IGFkb3B0aW9uIGFuZCBjb21wbGV0ZXMgU3RhZ2UgQiBmb3IgYEpBTi1DU0FBLTAwMEAwLjMuMGA7IHRoZSBibG9ja2VkIGAwLjIuMWAgcmVzcG9uc2UgcmVtYWlucyBoaXN0b3JpY2FsIGFuZCBub24tY29uZmVycmluZy4=
C-23	1311	Section 15 Wave 1 lead	98	a6e812703fa3e34a42c59f49e09a05f676ec39f77c760a35e0d47db8318c6ba7	KipJbmFjdGl2ZSB1bnRpbCBXMC0xNy4qKiBPbmNlIGFjdGl2YXRlZCwgdGhlIFdhdmUgMSBhdXRob3IgU0hBTEwgYXV0aG9yIGFuZCBhZHZlcnNhcmlhbGx5IHJldmlldzo=	99	9f602aecd4e1b6d68744d10faf9d48f19a7cf04b706bd92fd5669b50e2b66237	KipBY3RpdmUgdW5kZXIgYEpQV0ItUkVHLTAwNSBSRUctRC0wMThgLioqIFRoZSBXYXZlIDEgYXV0aG9yIFNIQUxMIGF1dGhvciBhbmQgYWR2ZXJzYXJpYWxseSByZXZpZXc6
C-24	1388	Section 16.1 provider disclaimer	261	8f7121d0f2d49f8d4c72e851cfee0e5ab53b41bc5121bc2c32caef6e89887497	VGhpcyBwcmUtYWRvcHRpb24gY2FuZGlkYXRlIGFuZCBgUkVHLUQtMDE3YCBTSEFMTCBOT1QgYmUgaW50ZXJwcmV0ZWQgdG8gYXBwcm92ZSBUeXBlU2NyaXB0IENvbXBpbGVyIEFQSSwgZGVwZW5kZW5jeS1jcnVpc2VyLCBDb2RlUUwsIEpvZXJuLCBTZW1ncmVwLCBUcmVlLXNpdHRlciwgU29uYXIsIGEgZ3JhcGggZGF0YWJhc2UsIG9yIGFueSBvdGhlciBjb25jcmV0ZSBwcm92aWRlci9kZXBlbmRlbmN5IGFzIGEgQ1NBQSBpbXBsZW1lbnRhdGlvbiBjaG9pY2Uu	270	1e4461129946b0c83ffbba5a0e7dcae67d23fc48a50412cebac828cf27b2b6cf	VGhpcyBOb3JtYXRpdmUgY2hhcnRlciwgYFJFRy1ELTAxN2AsIGFuZCBgUkVHLUQtMDE4YCBTSEFMTCBOT1QgYmUgaW50ZXJwcmV0ZWQgdG8gYXBwcm92ZSBUeXBlU2NyaXB0IENvbXBpbGVyIEFQSSwgZGVwZW5kZW5jeS1jcnVpc2VyLCBDb2RlUUwsIEpvZXJuLCBTZW1ncmVwLCBUcmVlLXNpdHRlciwgU29uYXIsIGEgZ3JhcGggZGF0YWJhc2UsIG9yIGFueSBvdGhlciBjb25jcmV0ZSBwcm92aWRlci9kZXBlbmRlbmN5IGFzIGEgQ1NBQSBpbXBsZW1lbnRhdGlvbiBjaG9pY2Uu
