.dependency-cruiser.cjs	2970	2a6cfc9840b5ae58d1b86f2aa7b8eee3c3ece5bd36baf957e2a50c929693e441
.gitignore	1031	b33628e7c879cf08cff46573e03965c67cd39f190a584bb6f81d15d02390b4e2
.prettierignore	169	f7b6f389a07b13c016290bd9f1a894c49cec44983794dc67326e9b68d51386cb
.prettierrc.json	109	73de68c9efa27f902e719bc3d883db20d3b775c9ddf661403bb17065446a6221
apps/rph-demo/package.json	1735	9cf4d0ecfa55c8a20e18bbc6c45ef619767cad4dc4a8c46ec0199b6c2e98ea41
apps/rph-demo/playwright.config.ts	2219	04748f5b1cc52050e01ee1d659181037c7d58f4d39d672f4e173e6281e44e53d
apps/rph-demo/playwright.live.config.ts	1568	6f4a8c888663d7b9323fb24408d96789568dee052719f8029cb153f564742811
apps/rph-demo/svelte.config.js	263	fb0615df2dd6064603752f4a5e2de26b26d39beb52c98be2e3ca5b0c23a05e69
apps/rph-demo/tsconfig.json	305	7c46e5fc665b2429eb8d4e66f493141a8a210d2fbf42e42a94f96771d6b7141e
apps/rph-demo/vite.config.ts	1505	a9b6fa20cda8bdc347df0d8d427550f654b6b4e1ba179f760e00e955389f4931
bun.lock	131000	9d4f7ecec8363ae4111538aa489383b3bcb4b5935afc5d93f78bf53b60229358
bunfig.toml	406	b47744dacc16f62d8ab20288f7826d1bdf92d9bd2fd168e47f30accd1fd1eb0b
eslint.config.mjs	1770	e6cdb410c8b56b21ccb28a16acea981bdb13a4029f208532f0f3f89655fb7250
package.json	1583	ab4027b89f2cef87a548977e4cad1ff0f63e9df27f1da84dcad320f47322109b
packages/rph-application/package.json	1202	c8748507898fc01833499d34b44aac6c58c71ba1e00d96ca69107f39a14cc40b
packages/rph-application/tsconfig.build.json	93	25257d2dd7f34fc93e4d8d54ce27a3c927d810a89420dc762589284539b02c3b
packages/rph-application/tsconfig.json	151	eaf908f4c65966c5acc49a4ed551861ccefb78ce31d2d9acfc2be293e62354be
packages/rph-assurance/package.json	1090	5c6b19257e262af2f59986e6d72a2f45990e5bf531069f3646dffb9a30e807d1
packages/rph-assurance/tsconfig.build.json	93	25257d2dd7f34fc93e4d8d54ce27a3c927d810a89420dc762589284539b02c3b
packages/rph-assurance/tsconfig.json	151	eaf908f4c65966c5acc49a4ed551861ccefb78ce31d2d9acfc2be293e62354be
packages/rph-authoring/package.json	1533	03069eb4af360cc8d75854c477a7de78561142c53383ec86a490181f246d45f3
packages/rph-authoring/tsconfig.build.json	93	25257d2dd7f34fc93e4d8d54ce27a3c927d810a89420dc762589284539b02c3b
packages/rph-authoring/tsconfig.json	151	eaf908f4c65966c5acc49a4ed551861ccefb78ce31d2d9acfc2be293e62354be
packages/rph-contracts/package.json	1511	73d37d71319ce21fbfd9c88c7b310385c93a14bb420310367360fa6a01797aea
packages/rph-contracts/tsconfig.build.json	107	0364d925433711dadccb20a2747da8402e6c0f67a36c986f9d3fca81ff9f2e04
packages/rph-contracts/tsconfig.json	151	eaf908f4c65966c5acc49a4ed551861ccefb78ce31d2d9acfc2be293e62354be
packages/rph-domain/package.json	1089	273cf13b1c53dfb4b1412fe809536e5543e32f44925a99dd8c8c4bb49836b576
packages/rph-domain/tsconfig.build.json	107	0364d925433711dadccb20a2747da8402e6c0f67a36c986f9d3fca81ff9f2e04
packages/rph-domain/tsconfig.json	151	eaf908f4c65966c5acc49a4ed551861ccefb78ce31d2d9acfc2be293e62354be
packages/rph-engine/package.json	1337	2ac2b543fe63b83e0b2d39ff368e2f62fd96e1d3b863ced25ec8cea2b88124d2
packages/rph-engine/tsconfig.build.json	107	0364d925433711dadccb20a2747da8402e6c0f67a36c986f9d3fca81ff9f2e04
packages/rph-engine/tsconfig.json	151	eaf908f4c65966c5acc49a4ed551861ccefb78ce31d2d9acfc2be293e62354be
packages/rph-persistence/package.json	1039	05ddd637414313f4dbbc1d67a3f23cd99b6e2ced4ec0f03ed88cc2f5c53905db
packages/rph-persistence/tsconfig.build.json	93	25257d2dd7f34fc93e4d8d54ce27a3c927d810a89420dc762589284539b02c3b
packages/rph-persistence/tsconfig.json	151	eaf908f4c65966c5acc49a4ed551861ccefb78ce31d2d9acfc2be293e62354be
packages/rph-ports/package.json	813	3c162a57b5e91cac8e185ad081082fac31732afb8cd790d397e113d6d2c61e5e
packages/rph-ports/tsconfig.build.json	93	25257d2dd7f34fc93e4d8d54ce27a3c927d810a89420dc762589284539b02c3b
packages/rph-ports/tsconfig.json	151	eaf908f4c65966c5acc49a4ed551861ccefb78ce31d2d9acfc2be293e62354be
packages/rph-product-realization-pwa/package.json	1178	2f7934fd573507b167952be1f016a761b5b3b61cd2bf498615fd67ff1284cef1
packages/rph-product-realization-pwa/tsconfig.build.json	107	0364d925433711dadccb20a2747da8402e6c0f67a36c986f9d3fca81ff9f2e04
packages/rph-product-realization-pwa/tsconfig.json	151	eaf908f4c65966c5acc49a4ed551861ccefb78ce31d2d9acfc2be293e62354be
packages/rph-projections/package.json	983	63296852030ea2ede5e924fed626a30f7557804500076a7e94c6db8d0081ceb1
packages/rph-projections/tsconfig.build.json	93	25257d2dd7f34fc93e4d8d54ce27a3c927d810a89420dc762589284539b02c3b
packages/rph-projections/tsconfig.json	151	eaf908f4c65966c5acc49a4ed551861ccefb78ce31d2d9acfc2be293e62354be
packages/typescript-config/base.json	621	a8c62b05ede343a5a8eae0d34a3e13b8801d6be0720833a8178a9cb30d9192e8
sonar-project.properties	705	c45f6425c368843f4006f2dcaa0b951cef5b99dc65d797ffdc2952ee3b8cf563
tsconfig.json	137	30e7c49e1ee7a2ce9b167cb46d83b48ca00487502869f60674a8f1ee16e59770
turbo.json	480	3dc9f9f7c3d8c1748b371a345e5e5387be43f406213b12b74238886e027186c8
vitest.config.ts	7970	e463b130c343dc0814a17e77a4249837dfff28a7014793f27b57962345f1d976
